gene_id	3m_rep1	3m_rep2	3m_rep3	3m_rep4	3m_rep5	3m_RM_rep1	3m_RM_rep2	3m_RM_rep3	3m_RM_rep4	3m_RM_rep5	3m_KO_rep1	3m_KO_rep2	3m_KO_rep3	3m_KO_rep4	3m_KO_rep5	3m_KO_RM_rep1	3m_KO_RM_rep2	3m_KO_RM_rep3	3m_KO_RM_rep4	3m_KO_RM_rep5	9m_rep1	9m_rep2	9m_rep9	9m_rep4	9m_rep5	9m_RM_rep1	9m_RM_rep2	9m_RM_rep9	9m_RM_rep4	9m_RM_rep5	9m_KO_rep1	9m_KO_rep2	9m_KO_rep9	9m_KO_rep4	9m_KO_rep5	9m_KO_RM_rep1	9m_KO_RM_rep2	9m_KO_RM_rep9	9m_KO_RM_rep4	9m_KO_RM_rep5
gene_1	5.10317790378815	5.29562019509049	4.29537176006538	4.55388632464731	5.16897421782505	4.92270380160186	5.24543582761188	5.25106078696095	4.73542227027935	4.91065301648244	0.10694090801897	0.208239996043781	0.129301986547293	0.58644733475558	0.329697637444388	1.88539248430802	1.97246222814192	1.81875875821709	1.73054571402942	1.81883707201226	4.38635611347472	4.10346272252262	4.58829620393053	4.34713198846999	4.67047050204662	4.22400200025768	4.45808243664836	4.56650491513382	5.01970107367888	4.90717096864592	0.381753795048263	0.187915197859259	0.536506369275617	0.152086693134068	0.553299300553475	0.913495606300483	1.06401169756275	1.08520490700752	0.636432085862373	0.820789705626011
gene_2	6.01363117870198	6.19292660971513	4.98144878899077	5.94963602027654	6.01471814945171	6.16861063379967	6.93505814101278	5.8770434574935	5.86967752664923	6.31777426281506	2.94795373854094	2.85013272158382	2.53462834144855	1.61083888741645	2.86583294658417	3.43639386419591	2.6296709464831	3.21750578332275	2.64916216035079	2.90460573603273	7.60831209947452	7.19452460326812	7.83076609422786	7.66395479698732	7.68974483459821	7.45477656184039	7.35890302673303	7.68122022795149	7.99058319096386	7.62864349092066	1.61477607851	1.68229071684545	1.85288744079842	1.47651772617553	1.90915244682378	3.31613775910143	3.69019379455585	3.16774781862441	2.47361328994154	2.6443179509324
gene_3	9.58843907154272	1.75364497485276	8.78748627031298	8.34933514505956	0.939820399897749	9.40583021376178	7.71869460998643	7.72122592756149	1.82484053568116	5.55931182241998	1.71316576042289	9.31911955595706	7.61360748209393	9.02282741101911	8.97357485078295	8.41287410167588	9.45205573468281	7.95461608941442	1.09393934120083	6.76249378825108	0.275828461072113	0	0	3.1900904442768	0	1.14232802681291	1.08860554265581	0.974505486547331	0.474015584004908	0.370385538567142	0	1.62614195019841	0.307187004432544	0.892868788380938	1.7641876483577	0	1.0076477610024	1.49268999723426	0.667358213936101	1.65265856675122
gene_4	6.63767886103823	7.25116292269336	5.06950056328322	6.15881189758992	6.74106082506362	7.25249900179818	8.06421186837262	7.71318735019934	7.867292794084	6.82939252305589	2.8233248928939	2.59590645627595	2.85798216471399	3.39449463443548	3.62386737326507	5.06342753952106	5.70533985779142	5.82673880722505	4.85797220862423	4.91341733064041	5.39816980214993	5.78056525654471	6.10749639393496	5.92872288501027	6.16733204544481	7.76677438084113	7.3290110731389	7.356912584896	6.91863515956109	7.00779920977201	3.44378341439722	2.7272720397921	1.99707985801201	1.95930842891143	1.84832089418128	4.19620901045961	4.25612767079754	4.23539951171619	3.98364054882286	4.37964091243645
gene_5	8.12340104947646	7.71087830435123	7.76008112576151	6.63670483913092	5.06366356834842	7.66774125320829	4.5049241751441	7.92104806053126	7.29349627476964	7.71699396258335	7.05158767222589	5.4165554352126	7.2290091884091	6.4608479237192	5.67872020601882	6.62997878786487	7.46283899680079	7.70564882732854	7.46413662122321	7.32811469721932	5.59006076549078	4.36126859293751	4.87265952038813	4.32896182468469	7.47422980320853	2.70884907126783	2.55522376201738	3.80209281653931	3.03837405918896	2.21957173501861	4.01288547117869	4.50519932907803	3.26150802434872	2.44735117184165	3.5248745847937	2.70561159156603	2.25485182609697	4.40882051115727	2.82056509909415	2.5514912526022
gene_6	6.1766678857946	5.62039982496488	6.14471388067596	4.72207917174442	2.94555313535429	5.89822607262978	2.7665691775964	6.0857733015703	5.80013795962285	6.09356205872438	5.40247453404735	3.74605610962815	5.50318159334843	4.85669215691492	4.08560197096781	5.12555530895775	5.59772328239307	5.7737941273809	5.53556346508698	5.98651603877008	3.44212063586081	2.23298513537601	2.26577219434369	1.62749867816683	5.78585123794478	0.299978530811607	0.897412390878266	2.2308905621683	0.80280023642608	0.641750085890665	2.22212260330194	2.49254843688046	1.65868483515853	0.682799044462671	1.58461001776897	0.784353033425337	0.775449807815394	2.41268164330964	1.08285195472663	0.494749143383106
gene_7	4.70615925340794	4.09766162404734	3.56970650574097	3.46876107324806	2.34498777137511	4.45290751257583	2.19876929647777	4.64893182763484	3.78371234734037	4.68069611157607	3.24263512503085	1.98824265709808	3.59897045957491	2.62132301327344	2.68943174051456	3.3776611678044	3.64787533811487	4.60383064485348	4.48789136652547	4.065806174457	1.97363976916541	1.58332271984794	1.76794554830928	1.8686381462821	3.31319956350001	0.226832254635007	0.906155609723459	1.16839675103259	0.693380331687544	0	1.35703564123331	0.869230569409305	1.09046732397522	0.199984395880274	0.655276071978818	0.0748834446753562	0.251746996153526	0.667464837105085	0.497707868860959	0.264151317348058
gene_8	3.26492947548574	3.52467224810267	3.59322479363364	2.67496499584582	3.54034902511072	2.94180448688012	3.10217629642821	4.22598343726778	3.78782635733017	2.58712323008623	0.670780336761497	1.10045999126942	0.957138547071005	0.871812580431791	0.413389808936199	1.5469543588103	1.43493811520674	1.06187589798496	0.808222525956143	1.00775084669593	3.07820077654931	2.52199698970109	2.7432671386807	1.9791421356686	2.6753925483164	3.10343759074674	3.24272436285975	3.12090113388087	3.61722548644504	2.38112261367776	0.865733281274067	0.088009626021314	0.327286212816517	0.240007907577791	0.177900530809546	0.633051386010574	0.947691702180296	0.503674811615669	0.479355753872628	0.0856589803635334
gene_9	4.97114381227533	4.23032272056448	5.22635267501253	5.04858875025015	4.74265335471898	4.6180242221411	5.03050126357363	4.19389817480272	3.84750131051124	4.4512837361392	0	0.392163692473294	0.841451188706485	3.23845979505799	1.44427277486134	1.97005940365567	2.15334241007111	1.59703405749345	0.507045490054946	1.37220208753444	3.75759917941836	4.98900174806278	4.01741110589662	4.7072517118857	3.77650694496449	4.84278808258625	3.09215864593769	4.15656755507182	2.29209694137222	3.47280513742119	0	1.56450511727132	3.02383771367696	1.80892922280111	2.68845597287347	0.418093044036549	1.32504213525612	1.34942416776362	1.84884260718721	1.53799338892695
gene_10	4.85630969105854	5.73035964377975	5.50986862284625	5.91548179217686	5.3622805526053	4.99723948727144	5.8681331177652	5.54581747586223	6.30348064393303	5.20702012287671	5.86568405563953	4.44179602382396	5.19971930116264	5.6145365314125	5.33893020092732	5.44332578858168	5.18416855759354	5.83007724918267	4.55449296610606	5.22298786803184	2.1040017579573	1.69623032747191	1.76186564159846	4.49659568220844	0.877998923802814	2.14071768456857	1.63168203703396	1.99846878325141	1.88262680457655	2.08855180458441	1.3685871872583	1.5103540723155	1.68245732026357	1.47158901554949	4.37684544366163	1.62580129548587	1.59976248458897	1.50478745674705	1.53879732654648	5.04902956346117
gene_11	4.72134805907535	4.09157119917708	4.4049498303461	3.18048666471108	1.67840011976694	4.12901071170342	1.41536596966928	4.03331472808854	4.12718262278432	4.34117337937415	3.67568242322693	2.42252607862266	3.79518577768497	3.16355883479086	2.0658972751427	3.68887082470864	3.83348226841205	4.34422361496845	4.14362319829866	4.20020799053312	2.40825187920249	1.51837657101617	1.61287120729082	1.63340611046359	4.56619691175423	0.80853064799023	0.835998049836165	1.48402109689889	0.775521823403122	1.16695913518774	1.88431551236774	1.11192955617424	0.709127909788283	1.10785758699361	0.770609124407719	0	0.57740534477342	1.45783292888505	1.28148218624955	0.55987641601807
gene_12	4.74922572618766	4.61011237030563	4.48740586435561	3.92507611305169	3.55775095290671	4.46908302403046	2.85625286728006	4.73127629726426	4.4840869721389	4.67780861388885	4.094414025786	2.90990698532089	3.95989101056416	3.26017070770318	3.03708756212903	3.83972324801111	4.17668342995639	4.53616302335735	4.58773822825089	4.29263693855943	3.38853472671876	2.672120980736	3.46740287842275	3.23523774319196	4.71161593899804	1.88957952476996	2.17929887147426	2.75689940401754	2.7384824670368	1.63218794209128	1.38966904673749	1.94717467561942	1.52761226810345	1.45307399338252	2.20527496576634	1.3854183233051	1.80387848207432	2.59716280861341	1.61333076826857	2.19771361066172
gene_13	2.59167256944795	3.64147642569379	3.33384178274241	3.01521945508002	2.98701204211643	3.29592822641017	3.34931969719411	3.00924288505335	3.72539447067516	3.13331255480944	1.46017354665036	1.42852110357131	1.49033302452551	1.55891111714061	0.794227268097585	2.34383919288381	1.67774327450897	0.974782102905649	1.37624093659121	1.49693328151559	2.00152518442067	2.45597448624474	2.69411549128494	2.71971818002794	2.97221715345809	2.48116957371102	1.74002899572743	3.41539755808448	3.57416811441724	2.46248346205935	1.48876305505508	0.751823890694146	0.368370053155894	0.183142080870032	0.351524164181429	1.02773449507987	0.606843390378881	0.654614894649684	0.612066381965497	0.521936773192488
gene_14	3.10139554656667	2.70030730775202	3.77149830693875	2.98195495670555	2.94356490305844	2.5768262630847	3.09520113603263	2.5538583162282	1.95267271832887	2.37423029911931	0.727331648891272	0.359947780003008	1.18741583924726	0.699117783542688	1.02631669239898	2.26599095030042	1.52950517005429	1.31472394151775	0.966108002847504	0.568760824240694	3.69726050464512	3.54561478059527	4.03812444562345	3.44171801024288	3.32718408040024	3.10956750916796	3.1884669180226	2.92754500552264	2.69911779933129	2.90631471146854	0	0.135814031890493	0.397701993661572	0.13050912860697	0.63136550863776	1.49364399818959	1.18578003390919	0.881895220543914	0.535864363159413	0.656146446541333
gene_15	7.8669042939804	6.80261775079392	7.20321401349571	6.32170524184382	6.31123872625731	6.94530260561121	5.26166340978482	6.90162332555844	6.39576071570268	7.13095307729039	5.86354325435947	5.69576306331124	6.81679084688007	6.58980940645198	6.59772923835895	6.63512115232979	7.73756068976371	7.59793436778797	7.59734254630878	8.08512551844204	5.9136867578112	4.55841602947384	6.03399879232147	5.23231861737818	6.8169084881435	3.3184560908383	3.44607849063037	4.5856261748037	4.52718272608063	2.46552882898416	6.09985438868861	4.34736757172301	4.16348265473432	3.24948111827593	4.33316221834633	3.38326624337151	3.43378735877675	4.33457874489812	3.73201559379117	3.95671247879287
gene_16	5.87890264992918	5.29749759082794	6.61092808116169	6.03206305348249	5.58752787334152	5.75541740175423	5.2505596619045	5.34881392232826	5.11547585977767	5.72701607633406	3.37016545630456	3.53512042232436	4.23449394667125	4.10462781225711	4.32582193034726	4.47502276275525	4.3569840036689	4.53076929812118	4.21667819771879	4.24245351955422	6.28134297816321	6.17891943392154	6.19269919411998	6.32014638825247	6.48366922352557	5.24451365210548	4.60688107196648	5.84363466148171	6.16490146992908	5.33534730721044	3.35080245377273	3.09602060791731	3.48339420480697	2.84597155347147	3.104721460342	4.22343867038435	4.40968570418419	4.03026506955227	3.20391275123668	3.4141612118318
gene_17	5.26867238461835	4.99466053154483	5.12912984118264	3.9523773035153	3.12445181817012	4.64125170072014	1.84020716433706	4.51147665229113	4.17281262801052	4.65635520287067	4.40223025277673	2.6440166530914	4.79506996059032	4.67959109835654	3.13870369393543	3.80481831643291	4.29519136842406	5.1309956573516	4.74052015627191	4.78321840111961	3.02881393610078	2.28008270950521	2.54653708641878	2.35288397886755	4.2707998732915	0.516529544747903	0.342288828935124	1.71963351662717	0.855108904548964	0.605732390247561	1.96937626525326	2.34822620902705	2.155133556793	1.11705498351031	1.82496036986597	0.78038304400708	0.91355117175055	1.6918070864884	1.37125263892551	0.817229907555888
gene_18	3.29483302948017	3.57500909119724	3.70088423680174	3.21585272721815	3.52375867884401	3.06632714717027	3.80096282336687	3.18710869550082	2.64590961389522	3.08016837659724	0.920415782628253	0.886753554767172	1.35913457928289	1.62524293283324	1.4107124476699	2.12583188759661	1.69455712266925	1.32263714245234	1.06534847504124	0.771106518638851	2.63967574813589	3.02569157107129	3.2238911202344	3.09468049381219	3.0329552926979	2.77544643083968	2.54500425856084	2.39177581783748	3.049014161833	2.35239590891569	0.0919634614324554	0.916004117093152	1.03171345519647	0.47158143625675	1.3617707605806	1.05647181996966	1.58911723323655	1.20202955798233	1.19271477018797	0.956766188149485
gene_19	5.56886161184175	5.88470996153124	5.26481151773484	5.7287237103862	5.7274598342182	5.31556033726491	5.65514077439665	6.02897145419307	5.3835693399977	5.09963172927583	3.06199155077333	3.61366500082095	3.01494586134937	3.86961688703631	3.31883822603865	4.25404121292238	4.22003473810477	4.05062013257402	5.0451921696461	4.26150872626164	5.44423513386022	5.82059787847168	5.64566723579473	5.11183096923033	5.12081946508636	5.9792311363164	6.78725105990422	5.15642666112146	5.47296114036856	5.85141808636774	3.33583836553272	2.48822371690976	3.78131051333213	2.54590652066223	3.00682662663838	3.82531944146067	3.95697676952253	3.98727094323499	4.02348242347538	3.62492498277766
gene_20	11.3564648896615	11.5052285768447	10.993848245557	10.8661576009415	9.94083730813567	11.4278595494019	10.9015088489741	11.7774571776574	11.381064621666	11.2593741660038	10.4584855395959	10.7995468025947	10.5136963791511	9.96227742377688	10.4798196571033	11.4611765008312	11.3869786435578	11.791102916879	11.8140123807227	11.2220605325907	9.3082339718159	8.38865039826085	9.8767578573909	9.98707825025514	11.2471308588136	9.43716426936978	10.6604075530856	10.4446187201766	10.7118947440864	10.4943612540769	8.69528027500932	9.46932028209466	7.41558893080233	8.81420453151544	8.19880775044439	9.11230601402009	10.5268005118361	11.2424071074434	10.3099101933669	10.1147036620956
gene_21	7.62335364228802	7.66177005337553	7.60690409832252	7.48265511118975	7.11037400529657	6.65964328093294	5.83873712047175	6.08553539241037	6.21422574264566	6.69232015744206	5.26051646186486	5.1163360276578	6.03781510133089	6.81153923664551	6.15339454491119	5.64678675637568	5.93301173285787	5.81794881358589	5.67476858211982	5.48172982088193	6.81301998728657	7.01036108240426	7.24265215696204	7.41269451875674	6.96317478437501	5.33786875390966	5.43305035326068	5.48078281838403	5.61682045391178	5.02936959216496	5.13225228792928	4.93460385681516	4.62143379707682	4.46942668239728	4.62418244445097	3.85177837699126	3.82449521017336	3.90541719765829	4.11230801786105	3.91792025591452
gene_22	5.58580199309139	4.84868655264379	5.14469813307652	4.77978001556736	4.87050400573784	5.23738100086565	4.36230102069153	5.29444503284225	5.61484313655592	5.52498723040326	5.3598331885541	4.78585368414334	5.13543548566469	4.54648349995785	4.72515840132448	4.70823585915871	5.14988155401634	5.48932569588736	5.43038174137078	5.49042115764557	3.47413062901837	2.63278483062209	3.38593076242744	3.7580513553266	4.20850270896705	2.06462417558172	2.96941901149842	3.38666717453477	1.0818343718961	1.17660213843823	0	3.01762859505714	2.49540001478654	3.21236353300556	3.84751719050927	1.3316872369312	3.17055906999739	2.76308345783055	3.4275921318932	4.47306069469207
gene_23	4.67004038780618	4.88557287351654	4.26700938967539	4.4509545172602	4.47041675431152	3.9504030308045	4.015821374535	4.70916198915817	4.46965803457057	4.01591305813324	3.84069616701594	3.19711149266894	4.92919722925243	4.38706294025248	4.58737709045328	5.23529561558775	4.70538500478326	4.97082199543298	4.42091515079938	4.6642201775249	3.46327180862123	4.47535282512731	4.14779410249411	4.49739944764823	4.47774237893173	3.89373854856841	4.30703133115564	3.53629808932412	3.6558353608409	3.36023110699991	0.741787667642938	2.81194198681752	2.52840108539139	1.68549393487594	2.13501117455808	3.37840882785915	2.74378328851064	2.45093546506205	2.75923607502959	2.7925321612071
gene_24	3.95555612018754	4.09400459666917	4.21555474695725	3.88912757287951	3.98294305334749	3.99907530087103	4.07778116772916	4.07268099143142	4.27176057136671	3.86514210524872	1.9035634045976	1.86691035016012	1.74720212234296	2.4393105911755	1.11693594551728	3.50562948165965	3.31703825213732	3.33062002797334	3.71021420275172	3.49301109789093	4.0398517768151	3.92459586261298	4.03375589584241	4.19230667366404	4.20112759619301	3.92404806225731	3.88026829139848	3.96852927720528	3.94920408237474	3.87994735561133	1.67918029917312	2.13894749054758	1.32102506969196	1.73764844752346	1.39935397518426	2.27536686904215	2.83556761866478	3.17870623539548	3.01322036238432	3.08991520284031
gene_25	5.08520163996429	4.75402239913424	4.45511469574102	3.81574340736763	3.49058115365279	5.40679014784995	3.94606316468262	5.36166501720596	5.64306593265502	5.58473783857906	4.01306002565827	2.9681762908827	3.72599684291	3.88186025953227	3.23265862751354	3.72351785792908	4.58024639263556	5.3800582499911	4.82342010855109	4.45861506670296	3.5549973334757	3.24176076698568	4.01855084483561	3.91998616946847	5.52354168467994	2.74177847697513	2.95040617809399	3.91535773678028	3.73524486064833	2.79465883078199	2.91075180939552	2.70937685113392	2.17690196753319	2.05627973158218	2.68529904844398	2.57007436232211	2.71479230575567	3.70589820758768	3.03740315331166	3.06992059541989
gene_26	4.74612382606031	4.5729098271619	3.73886039987759	4.40064781367167	4.58036329624754	4.63894942546818	4.47589972508523	4.623782404059	4.63499586051268	4.54051499443954	7.3266370453995	7.16054975054969	7.4039002360817	6.93512665876996	7.29294638071026	5.7002317303419	6.02394707530365	5.90182783995143	5.90148058055374	6.2303262855152	5.64540614018235	5.25214178571755	4.72730983944438	4.3320596775833	4.65445237937349	4.7778211513837	4.3375252598711	4.92549123977511	4.12169451319388	4.21825320113682	7.9333558485747	7.74936327654137	8.21101456472082	7.32845928456163	7.39287341680327	6.79352923578568	6.05843854370477	5.94033953019851	6.43693326164317	5.85584573868128
gene_27	1.62094306087814	1.33012412540378	1.53445804592942	1.055147815497	0.730394055008768	1.15538965879398	1.80186382406193	1.96826168744755	1.55834432516015	1.45636100983081	2.52580435710585	1.50330728283983	1.91432891631197	3.39120741329457	1.99772488737648	2.89825191532374	3.83603914421417	3.53049433397168	3.82187327892433	3.07448635967226	0.865420492428284	0.84594175826542	1.37757119520068	0.586169764788795	1.14145569360203	1.40937773740668	1.46927844375332	1.92255762765638	0.839942131337016	1.33144647758321	3.6331074871563	4.15111889584528	4.54576138031616	5.09026112099551	4.22465396532091	4.00949135985597	4.53040855657532	4.6865814616251	4.72621227537485	4.86187273155003
gene_28	6.78566680993273	7.439056425532	7.32410252604034	7.21904141120173	7.27346368407397	6.7802332185515	7.34779501473343	7.20332132295929	6.85392515541188	7.04829120457549	8.99906831532979	8.40717701913609	8.3488657081195	9.08915693156757	8.19566499160531	7.58258383739324	7.90517609257364	8.01996029944532	10.2881373105363	8.77542590520807	7.64155889146561	7.8984905898274	6.941534137547	7.19000690994591	7.25391604869739	7.64902680321303	6.79924021278275	8.15015121871322	6.90566653249101	6.89396290791738	11.0614801173252	9.69140691479158	10.9602185454637	10.2403477823676	9.9266536833813	9.1167596251285	8.6204475451387	8.65876452554614	9.6248668030901	9.36300910644999
gene_29	1.33315625531223	1.21125135372065	1.25770368057841	1.58398458464706	1.63470615291987	1.8790141843168	1.71532782678062	1.71709023627436	2.0912774315927	1.24326696288043	1.42332868003021	1.01915315343444	1.66401324888237	0.958544984502865	1.43146740535643	2.37734827092351	2.35966548067208	1.27878475262816	2.60301151896934	2.10673457210336	2.00802703519873	1.51266166529629	1.5108138396554	1.39386283236636	1.43356145706222	2.03325208492117	2.05709399666663	2.14846799672015	2.07133367843828	1.38220458939036	5.07191803804286	4.80227863711654	5.88704128718084	5.16548326361944	4.16738476560646	3.60185643751732	3.97079428195273	3.32043009198884	4.10337023670757	3.6102488766733
gene_30	0	0	0	0	0	0	0	0	0.0390760479058628	0	0	0	0	0	0.0450962224313955	0	0.0562511082247186	0	0.208272170167257	0.082176465369182	0.0772619643638232	0	0	0.070159869703055	0	0.0698441470834085	0	0	0	0	3.63818962589277	3.89113501817465	4.97917661399452	3.51655514514465	3.76039963148799	0.16852137534872	0.873970083321301	1.05982511222253	1.64363583148727	0.610330696893619
gene_31	3.05151606814646	2.90394147486168	5.10610407154072	3.25083556468996	3.96860497736175	4.09621407328002	4.04462046934864	3.17666563645768	4.2315170534635	2.83028661780729	5.61409463821698	5.70746689076663	5.92993614831489	7.29254180804772	5.88249295545856	5.64676906299525	5.62995456567151	6.52076062714614	6.56138544035241	6.09537005511566	3.58072076855561	4.19017144946496	4.00303303608824	5.00712845988288	3.94088712223247	4.611328842784	4.76609532861062	5.09460510781604	3.57611729655988	4.11059304909594	6.45386205269567	6.42669569966527	7.32663944848837	7.17497419234266	6.76173682226588	6.34679457666371	6.92264635916563	6.91087511465411	7.16867573560303	7.41980060825861
gene_32	0.405611727611958	0.248879056785876	0.774503237621281	0.667759534920542	0.186609807488965	0.391851097596988	0.303546325517944	0.232520168507814	0.752236460343966	0.759379740758005	1.48088024689537	0.678195831137217	1.56434243763266	3.44975356632573	1.5780445566067	0.50644597298432	0.444042842334445	0.56438367854964	0.477339735721367	1.36399621892389	0.857041439404039	0.269524789132356	0.40681498818322	0.627100037740847	0.45989994825836	0.337812719702858	0.263807916383611	0.721780720702913	0.499925601689796	0.301959187228161	4.72979220067147	4.40039653825524	3.56428695403785	4.61479986004751	3.84854308821523	1.55779023681708	1.69626249168683	1.8683367728017	2.3317253830112	1.9535083723403
gene_33	3.4382602550681	3.17693405074284	4.12210743555247	2.71453667413259	2.7613269955446	3.14125532938348	3.62113358171202	2.7275880031012	2.9146197629173	3.12289073134216	6.88375997102376	7.10386423932772	6.60776079000591	6.72392469968061	6.0103501191245	5.7675563408029	5.69532688883463	6.16948264550434	5.91439940741328	5.72571823438078	3.29466039200172	3.18666892279609	3.52236491732683	3.98359823328539	3.58920165610569	3.38953396774758	4.04739362189359	3.54982073799838	3.24547497145778	3.164468886455	6.03581982732829	6.78974605364895	6.02643111110383	7.03585073779053	7.07570562378962	5.83188343883609	6.19087587800924	6.09678656783764	6.57167731689602	6.65020487887704
gene_34	6.97623944988312	7.36794131821554	8.56096652605322	7.64751483548966	7.69777903890668	7.65580483554638	7.84484024271314	7.68547033598753	7.42022323529196	7.22532274316364	10.2638983686071	9.88004525336369	9.87113856527419	10.3140954553033	9.99932602113125	8.83962568398053	9.54448049400269	9.75788165941681	10.7679377264598	10.073482263989	7.45514851023833	7.36015127497947	7.61459322453455	8.24701655627004	8.22809939476962	7.56739159698598	7.94825380242794	8.80054945242544	7.89178999819138	7.46714130561572	10.8581373960944	11.0581234045757	11.2905769646088	11.5812695246913	11.0022267956716	10.3773148705469	10.3327016372745	10.5805946569394	10.6632921222035	10.7407905461569
gene_35	3.16742195953294	2.85001144981366	1.69906950637624	3.11596553463917	3.65502171177337	2.83270106736865	2.53791699695669	2.53752104862072	2.1399087679978	2.87760699613225	6.99267756035328	7.63365497414196	7.39921290195331	6.11472430871876	7.33966842624022	6.06445289858109	5.61662770692152	5.57687045252099	5.20858382641107	6.38385888554535	3.60006262859975	3.81812148941377	3.57471946420065	3.38523404857574	3.04281941455911	2.71941319467664	2.22348184351246	2.43394943041287	2.45899273596743	2.42011090517886	6.29818436298857	6.16093542537198	6.64488294720713	5.98556906969483	6.88660699631515	5.95086258373605	4.96296620017792	5.15338679379574	4.84876745040834	4.8025378933694
gene_36	5.25958685806428	5.0725206228099	6.31575095511247	5.25207245172712	4.6605572632793	4.98968219165574	4.08344807136057	5.28472934506659	5.05743075253506	4.69896132369104	7.53717775437079	5.97034511672312	7.68110901442983	8.02994752528423	6.66315662519078	7.00878948117281	6.76057175874699	5.4254602907168	6.80780976079418	6.40055614284487	4.17799936844034	3.63014355929953	4.35884460677268	4.27200281456881	5.00938441096044	3.48790412868192	4.26000584218668	4.92776065151933	3.86888885639873	4.00493128915354	7.67033473443403	8.92731192449253	8.01514493846111	9.17856530324983	7.70791296968924	7.13504749379572	8.0474151471181	8.24419224653759	8.03631301362593	8.26970068334665
gene_37	0	0	0.193646561978612	0.066885198765114	0.197945150699286	0.366399362055752	0.723123495770932	0.661897296385113	0.133326698043062	0	0.160274788013698	0.383834070519444	0.228616515095671	0.0786240064393374	0.223986205061382	0.109813000119294	0.275385800846245	0	0.185211322152492	0.271063537444802	0.661656727859983	0.378646679098509	0.350000641308698	0.909629375013082	0.545095336204943	0.120963644336673	0.113188643912553	0	0.358083315976777	0.509937928601352	3.71554352719468	4.48778539294807	5.68473553905943	4.60945453628773	3.96465695923539	1.67202665727188	1.18460771094726	1.3280018022694	1.8717171716619	0.784406411191981
gene_38	1.06902448014215	0.784459469370132	2.93415610012894	1.14206356741868	0	1.22467768616385	0.80940503598064	0.534687863011505	1.15789162179465	1.24201840127236	3.91912775588106	4.32403006916555	4.55044832560047	5.7983909722251	4.3608722948969	4.73346654305679	5.33015414629362	5.2557635243271	4.97301391560379	4.92566550160462	0.923814285877501	1.38912158073585	0.397666816809245	2.08768457306742	2.13653803489302	1.49573689599319	1.52963930624786	1.23076891175325	1.39428251885066	1.15412782077034	4.14072991251113	4.85680733767412	5.36931582219172	5.38270448981912	5.01804608667881	4.64493552550012	4.63090963393931	4.42574893338151	4.32268769913824	4.64986309331131
gene_39	1.71157790302746	1.59188295242204	2.31310887185385	2.12936752306228	0.962232387590476	0.377845891372476	2.0621575585555	1.43236497496522	1.2565727510946	2.01545955525269	2.02086108068311	2.61552400153204	2.02469849383014	3.40865896838179	2.55483739502434	1.71290438040532	1.84196117892682	2.50623134544926	1.65406419123446	2.06731940819599	2.48188876529722	1.95670561612207	1.51981067191048	1.87570958332445	1.706997343746	2.17116692990162	0.225311637807782	1.484687809383	0	0.795457639541775	5.51116880544481	5.1008279218635	6.03803450457831	5.45978923033345	5.29117879502601	3.52729875885579	3.35845663005005	2.67055106791183	4.13259316422903	3.9198433479055
gene_40	0.578402247347252	0.404374238180769	0.57572036173712	0.505213054448753	0.549151895363944	0.386194474593824	0.0552081615401254	0.483157857000412	0.617867436090276	0.417321183506297	0.532071854350081	0.281811234256116	0.462089016932443	0.890365232849216	0.653258578262289	0.342939982642278	0.399037426479513	0.56305845169642	0.40049156983531	0.301191253615643	0.973543545375275	0.560387539096003	0.881844050044534	0.476182051313505	0.615305584059535	0.671136953400966	0.407192183771884	1.0729335673644	0.461129745746903	0.735354215524395	5.56931225065256	4.79927885545252	5.32004712157832	5.05433308732881	4.39497437534971	2.08228835484636	1.61310050628693	1.47823466469228	2.67216283322231	1.17456018203458
gene_41	0.554475942116984	0.718194864509892	0.496985937755933	0.217528987298147	0.800617049459103	0.156060804409225	0.202861896031311	0.116647023942544	0.452511946394373	0.461676033690464	2.89559385380743	2.01698548949672	2.64777602806727	2.94337555963886	2.52420062956211	2.65891931301997	2.40199361491747	0.936087930082964	2.10014611430616	1.1900399492808	0.884644214811594	0.328374111926871	0.29587917448354	0.471623528215889	0.669186912656383	0.250687361498093	0.210818252809663	0.071153597662784	0.166402698674839	0.183360577724378	3.70387186194382	4.75757505239852	3.91980267005221	5.04369812029224	3.19524565796268	3.87902271215095	3.90237992500023	3.79560954416091	3.95474094357979	3.60273202702205
gene_42	0.993665653948732	0.392990320632318	0.854661549290359	0.585992982454115	1.33282132672466	0.397309881904652	0.418733654322426	1.11477757817389	0.804166556449724	0.71384772495333	2.6965129006809	2.04532450925409	2.52622878163826	1.50210269057769	3.29996637084417	1.64787529808737	1.52607926270573	1.43356215154792	1.25198792290916	1.90341348035841	1.459149643551	0.776008410249495	0.657884124080118	0.427322136558306	1.1307523246877	0.579081006811706	0.939109329275023	0.302474176262034	0.70878013460261	0.746120478141384	4.10339438413612	5.03957944415968	5.52849784551882	5.20434127307752	4.64883808397363	3.16028395480877	3.15959781668111	3.3843390278734	3.72806178409089	3.03677361165999
gene_43	0.184331020685301	1.24213827045992	1.79279794867417	0.251115648991082	1.09305532284125	0.849800335686251	0.15264955646049	0	0.528960733760626	0.533651484919505	3.49934435842864	3.64724078946043	3.68167816966407	5.31162489189658	4.20358847696098	2.4057060212202	2.3024912937078	3.4040537488479	3.02055202723767	2.71557434624914	0.262424211518351	0.598866414048739	0.190604847219053	0.554619686672113	0.90117228997594	0.270327722416508	0.408177329969226	0.598581477584043	0.100822563389372	0.834623289833101	4.9252897923337	4.92593117212729	4.92372964709093	4.87160072409049	4.1771128557839	2.91518276359123	3.13665577456203	3.52135189761709	3.07719532163608	3.36995769030918
gene_44	5.24211851075785	4.67565364532423	4.51476525296793	4.80913649103979	5.40070323680797	5.71545456451225	5.4697561321278	4.15701312329085	4.5618140265925	5.0873959857578	6.77044125813901	6.29223845769409	6.1056575321617	4.95293387099081	5.65615047574289	5.70940937558956	6.9490059264632	8.60383942593229	8.13306896037817	7.65966520387587	4.68390432886545	4.93686278472603	4.99178026835263	5.06558926896812	4.84376638271791	5.25676284405994	5.85973247003776	8.05315262187503	5.69608147151197	5.0294787251499	8.61477239827553	9.22445067626317	9.47456115476171	9.43600814897484	8.00103184670797	8.36273669828629	9.1012096105579	9.63324582633887	9.86838375280501	9.85851474091353
gene_45	4.09188374632239	3.76626068168126	2.83066219540243	3.44058295942557	3.68656492058375	4.18202921555364	4.1691416264386	4.12791300010342	3.76670522369864	3.53429930683202	8.76560369624087	9.31484254133709	8.73475227956519	6.4498950026271	8.54567087770674	7.12571313195785	6.7533490025329	7.51323623259665	6.97430306701788	7.19155369578864	4.6247967548363	3.26600849772084	4.7475318407978	3.54627726012417	3.67828599067544	3.60351409959666	4.01905848035047	4.65600812629582	3.58899499421513	4.68063895185856	8.52272350058725	7.94927925102069	7.18520624377079	8.07319346545845	8.80487431622237	6.82975618874162	7.8501032744944	7.86177414217879	8.11552233147377	7.10093981683207
gene_46	0.371224610806873	0.56819896727498	0.222124392734242	0.102069734747814	0.295377005402804	0.290833458610875	0.323533073668686	0.201510738015353	0.291979761399608	0.4844086559927	0.861369195394674	0.631598137575271	0.550066069214767	0.561566232008238	0.758587176777209	0.741526367811081	1.66261163041002	2.16627482710727	2.04303850152758	1.92361957888233	0.677475732264249	0.10739172207992	0.277498808457431	0.421451227032832	0.437818250462395	0.345107594521661	0.960152692635865	0.443576752337055	0.816824735696062	0.49496178981515	4.5951221536741	4.83919955400046	5.47054286470596	4.07742807910584	4.12253363987661	3.30268029785638	4.62054994111323	4.4128990624624	5.16317670267365	4.49338115416858
gene_47	1.70436316216765	1.955376566329	3.87723502379628	1.84071854326896	2.01337044742927	1.81926661393369	2.436095246626	2.45486695829981	1.92970242568828	2.3208032058185	7.2906239323969	7.59382281241787	6.85249552290929	7.64672151095528	7.25927453630443	5.30957078186729	5.18882939728094	5.18449701803328	4.49806565996589	4.7024952392616	2.79643241723738	2.7488592372697	3.09105302485833	2.30046883175409	2.48881852138863	2.66866768752173	3.02702033793871	2.49683657200342	2.30830800320867	2.40992733281655	6.153874119645	6.61904657423027	6.47789124292023	7.39482577143981	7.64840588215637	5.25873119358723	6.02354268802577	6.00021687586904	5.78552329871155	5.27073974158221
gene_48	5.4102789418043	6.08397826663518	8.32510937818411	6.20617128907032	4.76115484034393	5.03383576150551	3.94471017050186	5.74435362086873	5.99790584843348	4.89621637562598	8.83663450491351	8.16478220615561	8.77861380769208	9.46758359731362	8.01025678828427	6.96798622792113	7.41681989099529	6.09436397588585	8.09282210409675	7.75596150812576	5.46686643778671	5.21006165295296	5.31073021823757	5.46322977423586	5.89571289250908	4.87698998804134	5.44328360176941	6.36649853490241	5.87975421405689	5.10232019870813	10.4447033733523	10.451233494812	10.7064335320672	10.9968565901641	9.86256537847909	8.78309808472006	8.74993902726956	8.67617531060796	9.19482008394362	9.56074230937611
gene_49	2.23018776132382	2.28120911658135	3.10548932296131	2.15499696941246	2.21250720885195	1.75124150339286	2.15509596808862	1.35381893401035	1.76442889689915	1.95958514027667	3.07691818179242	2.76889895451701	2.67228846729506	3.70772938921794	2.19744714814857	2.27583061880906	2.91554705516885	2.08284047963612	2.93260583819734	2.54243700569204	3.00793885917164	2.27803648987094	2.08303907826117	2.11509333506332	2.38840943882527	2.22377122827602	2.00653799351657	2.44946909808399	1.89686922111521	2.33900652300358	7.89058288613495	7.12440628740099	8.82125604305375	7.39351084364757	7.44021901089895	4.19028469209434	4.8079182054592	4.44845383623515	5.78539693987922	4.10930678665573
gene_50	5.56121991877598	5.89559503428807	5.35257146896225	5.6418524424965	5.0901331413766	5.43880531126555	5.41187932851762	5.71542610233451	5.16595243120951	4.93620012709487	13.988018116027	13.5156790293719	13.8481193426519	13.0625642787002	13.7684833365656	13.2054928899126	13.42599188024	13.0134408765424	13.2173778536393	12.6976327676088	8.28206631807025	6.31943231485302	6.64907880299162	6.03004693339004	6.09265064382225	6.59237751722372	6.08354086654659	6.89381607917429	6.0891292185779	6.852084900825	15.9161039843923	13.6668248753359	12.3976423676355	13.4038525680678	13.829674546337	12.5911773890355	13.4987217369635	13.9546318656629	13.3855210587283	13.872285214245
gene_51	5.90558612748397	5.28506780551028	4.77340322220533	5.29256304962748	5.4001512877619	5.58862968152215	4.86767143427702	5.70561157183395	5.20629631345554	5.06344656064665	7.91811510646883	9.31308142659509	8.49049221417743	7.51875681389406	8.23521283783623	7.5670930882732	7.53366040303048	7.44368874479853	7.85848686913922	7.2186600450167	5.57991017520716	4.84576242295659	5.77615952432387	5.57349282963798	5.36530306576618	4.34934568540611	4.29803109646707	5.07150255740544	5.29527308737867	3.89265302527439	6.1762080064513	6.79897230961408	6.67063223405087	6.52197845094341	7.80730585077223	5.21328948390984	5.85540373804849	6.11335401080251	5.55380095275975	5.51509924549538
gene_52	4.04374460408429	3.9761598772021	4.19247905276666	3.22816506436717	3.10668334551431	4.10686664558941	3.12274216803934	4.00448748229145	3.93574984615723	3.86736252614045	5.91027272509216	5.64663070017068	5.5835402830919	4.9653486965339	5.01516286476155	3.73307290364326	3.89467216546141	4.58508240361979	4.27351423484245	4.43075667751349	2.61136107295524	2.05681245416903	2.88078200349877	2.49098015010884	3.9018882218056	1.42396074600213	1.86662075635979	2.57608405783119	2.51759534449927	1.25776966574522	4.00193115972346	4.89212376778278	4.01493750251391	4.19139096269245	4.9271613365289	2.81897083809498	2.82206029673574	3.17676374976261	3.28912573485816	2.70896029474318
gene_53	4.17629654262487	0.486826966649436	4.42511743426818	3.30738277476189	0	3.51090952113354	3.22665196246558	2.69691192559514	0	0.250519349535818	0.380619280416149	3.89089633524706	5.04367539747813	1.90074689577569	4.20195764719498	3.42668719195383	4.05917138774824	4.42959088077377	0	0.339753499481619	0	0	0	0.29367667910501	0	0	0	0	0	0	0	0	0	0	0	0	0	0	0	0
gene_54	3.48303942351514	0	4.09865629215499	3.33484261435164	0	3.13697245767058	3.15697107548687	3.23627523669239	0.19319852887087	1.70366522312354	0.158253047172184	3.95582703087218	4.03824016141246	3.42419023039694	3.62540813596128	3.7889096271603	3.70170142286822	3.54548973183138	0	2.30520744073052	0	0	0	1.94881422887009	0	0	0	0	0	0	0	0	0	0	0.285084560810071	0	0	0	0	0.139913891503702
gene_55	3.35183002505814	2.92180937702763	3.5642624700305	3.93827095049059	4.04642729227436	2.58957323359093	2.32234157768107	2.494940457238	2.02635299563234	2.67055023917859	6.90093553740967	7.77054046576763	6.9602490517813	4.95014852526032	6.61444229463647	3.17387949975772	3.1891554470215	4.16349886331643	4.57127132974156	4.56134981383824	3.90813327794486	3.94895727097978	3.42007212319562	3.53040185046743	3.92198996598454	2.34057451575908	1.79920359178925	1.67476486267569	2.59862266315893	1.99542436826277	5.19016428925214	4.95357241077519	5.47059251522886	4.85352032236751	4.86091535375011	3.36940721951008	3.44517713083511	3.66568706446608	3.70700232278054	3.71985808352919
gene_56	2.79371836546936	2.37204329805839	3.34450132947944	2.65994342681347	2.43700579212245	3.03356990328928	2.985611049456	3.08142648516787	2.16536089661439	2.33651841853633	2.37547039725355	3.10944349726717	3.17483327122134	3.03546637566824	3.01957329551042	3.16017520448723	2.90213960743819	2.74104336797007	1.74909789307374	2.21288370639017	0	0	0	2.04703431058227	0	0	0	0	0	0	0	0	0	0.0673522230601881	2.79092094432081	0	0.0648514886661158	0	0	1.53023247672145
gene_57	0.778625675498621	1.27175635088536	0.342838096428958	0.710454999315214	1.60946164669485	1.19515826070586	0.885372827753657	0.679077000699044	0.568752065233864	0.235942154687881	2.60178322037676	5.08811839770163	5.32991643627826	3.54334187799977	5.33592593847172	0.945325618806527	1.01446505735673	1.21569794293398	0.924880244843342	1.30085057904106	1.10817106433712	0.403322628038991	0.12439105521538	0.546839874885105	0.602483530740616	0.391859338033437	0.835192524011386	0.59438685448666	0.408913394999951	0.0969737075748308	2.76106270527275	3.17681308001887	1.90470315666368	2.14415777418042	2.91596508352657	0.223239627462307	0.402667088406319	0.978438358390909	0.697038319760787	0.592466212148204
gene_58	6.13774851781292	6.4338087798639	5.31678044447028	7.3308957178951	6.5421586775657	6.51140891940823	7.56718249890199	6.78275413317592	6.22141063809641	4.99639120722457	7.35903088597502	9.78454993644502	9.89270039511759	9.08072388786934	10.1948655511514	8.8563955541177	8.39515507803465	9.89098412794753	7.65835827716619	8.65453246775813	8.34592146689839	7.92012533568648	8.04304997468888	6.89053258232824	6.89018124589335	5.31763389534799	4.82295305268204	4.64785357260317	4.38180129079225	4.50206990440085	8.22984720376948	9.17188292762442	9.29170504142417	7.89878838079604	8.43857804694769	8.48615254641173	8.18236740989663	8.07441923693788	8.34247694287974	7.04926628522982
gene_59	8.14243533995451	7.57066133365115	7.6615094950552	6.95451137238686	6.57254692878858	7.76613272557112	5.88154777476365	7.79794657040664	7.53659694082546	7.92326818597455	7.45366757185021	6.43649402924597	7.45905486777711	7.19481041044341	6.6797432246376	6.87746349845177	7.65061041982421	7.89996399433926	7.84267454021259	7.76696336343384	6.49300122555815	6.01334415767837	6.36269725304565	6.1323327854631	7.58820583808918	4.71245272065956	4.03749573094672	5.38567778300226	5.05407321131003	2.53259382717038	5.64173634370481	5.29779335423614	5.80643468397431	4.28574394105019	5.57677774656634	4.02135689551512	4.3993864446859	5.49238765541973	4.29138147515227	5.49703631717936
gene_60	2.15494673222992	1.43680553678745	0.866821131907951	1.28017947567098	1.94297122950244	1.51355458024496	0.997324833924506	1.14922854388845	1.77139373792925	1.6760460815002	3.42462126840949	5.53083762319439	4.40574799603069	3.17700814421971	4.48594119291189	3.22911998460135	3.70307253161073	3.00963451415933	3.84141511350914	2.90712287118323	2.14401479006539	1.02191076868156	1.3450597312251	0.891390301136359	1.29704455807996	0.712746698978889	1.40958112639993	1.45811553528609	1.48167783449466	0.376673958085563	2.95621680770564	3.22065966530305	3.68984600969741	3.25792326504619	4.14635535736522	2.00304526732129	2.15254712024869	2.36833524873985	1.56769041682865	1.59490645632701
gene_61	2.5201502559108	2.73937389235093	2.79700210118165	2.66331775194218	2.08138416577736	2.77941563171711	2.30536347415955	2.60526507152882	2.80208296523594	2.45731582307849	0.581692180944247	0.679110571673567	0.521523939275197	1.18799217772426	0.851589017540521	2.34426320815898	2.41305901994811	1.7596921167385	1.42169357676989	1.67082627216114	2.68070844345701	3.50039878417306	2.63737733950954	2.54294046109736	2.65031865508934	3.11915713226655	2.30229934234123	2.78840010684697	3.04669589448434	2.75153245617158	2.3722379865827	0.853985876118743	0.959256234887393	0.895675099106573	0.952973531556413	2.58281357325454	1.86752994630199	2.05306291771028	1.78780427811475	1.45675410802119
gene_62	4.47058168629836	4.18596478873241	4.3943410020816	4.04391450430347	4.45445887641196	5.18757574369686	4.95149182571405	4.99887153033365	4.99309204791426	4.8052541299543	2.86624734001819	3.50879295086018	3.24123638944343	3.00538065713499	3.27904468861203	4.87155880349936	5.44998320279547	5.8614220640358	5.43952348957268	5.23132457503046	4.72497837351154	4.88649394574325	4.52391172872893	4.70359553915336	4.10109699313536	5.87450783818494	6.22990678477222	5.39693139684696	5.29645583906852	5.71001907387044	4.41468355710185	4.71383991007301	5.57974754358518	5.00595755743864	4.20578794891374	6.42121928489101	6.36387330366903	6.26161599082364	6.55358244970771	6.91684006152243
gene_63	1.13898531802196	0.853085099203876	1.48152929448228	1.25030783276597	0.658517983388074	1.93347954352601	1.69094917480458	1.49212860850772	1.87777059490585	2.94284321031775	0.210406799509189	0	0.172025431483969	0.419329114352279	0.114473682523468	0.672410172579886	0.464362843983382	0.502552554373063	0.116566178355816	0.508151093224515	1.07648392645371	2.23737407222814	0.90984190952697	1.86852256345848	2.0433423994898	2.86001067905023	1.18544522645799	2.22957860328674	2.9143158775365	2.70764877999561	0.649132129933041	0.350956284341133	1.05196337288243	0.590338489726416	0.568521146953295	1.2386711225779	0.471122158889987	0.651435779249585	0.375439383963032	0.156467745114195
gene_64	2.54162131498198	2.47213000867971	1.07625138361352	2.36230903535095	2.04675256325831	3.05890190641505	3.75518115287232	2.66972608895167	2.15995941000826	2.58704455941775	0.678677082783781	0.649754713654546	0.89292256053857	0.535072983689685	0.688895724477969	1.49097107989726	1.86839582323006	2.2099507895628	1.95941571326985	1.94380468682867	3.15921081581933	3.26968384459442	3.78551346299362	2.91827721721665	3.33533539040888	2.60561790633127	2.34678058995905	2.91617272680335	3.0766001081422	3.00418285962409	1.93830776669859	0.986658072580713	1.17187033262528	1.06782887134746	1.30071402208941	0.837640291610481	1.96730567505417	1.94522205701986	1.8413525569026	1.71917189006281
gene_65	5.51662722421194	5.57312578597228	6.07858179025017	5.72566281334996	5.76403664166761	5.51396043330976	5.59535633136311	5.62730670748529	5.47374049278804	5.59473028856243	3.99480132068463	3.94205892983256	4.00619999066795	4.52827738434133	4.01081653093809	4.83366810479496	4.23399564903548	4.53875186736485	3.82438375805536	4.30505493803935	6.18143677298078	6.18601909698109	5.93885845428203	6.09493631120309	6.09991001226552	5.84896847223591	5.71684673464676	5.84351771569179	6.13559077647446	6.08398711432588	4.50467048711323	4.54393295406935	4.55095975859827	4.52178087180988	4.4457137688477	5.07522807754255	5.28665776365612	5.17593302050518	4.92787950174665	4.56802676156072
gene_66	4.42187219535324	4.43952521265818	9.05787993360806	4.8965155818201	3.32598491462261	5.32560437637262	5.18615569922414	4.94126730054903	5.58380598917542	5.63441940697022	4.45455018762503	5.08650093504016	3.92544453731495	6.26717405268819	3.36792495036278	3.58596958396704	3.29582009505163	3.38368436353014	2.726858351753	4.06214536557916	5.47228905464861	7.09251428592648	5.40555434225278	5.9992445999991	7.11046684612062	6.49765555297163	6.12733089916277	6.1718056156729	7.11644140374758	6.43990459181495	7.01246066413511	4.51937795006763	5.32442520789244	4.0362259498754	5.91966414082405	3.76140305262168	3.95644150926298	3.36520208305773	4.05772677629413	3.01598248945377
gene_67	5.57100006636755	5.66454248658074	5.4401428715029	5.78980742830418	5.86497280893145	5.29074919761675	5.41437818160927	5.77904133393109	5.91662415947987	5.22391303958859	2.2548690042715	3.54080689505471	2.78096889701767	2.58603040361497	2.96345508084694	4.28088199059477	4.64263595591248	4.07860656256124	4.46181127683964	4.65760669697881	6.55302867042332	4.37104011642825	5.37957376732891	5.54704558056474	4.67879515014497	4.91563384967834	5.2577310899665	5.43585729515072	5.25426465963535	5.16088831057474	3.92237195141542	3.09705373985945	3.5894128434589	3.09292674545157	3.20844967150984	4.27187859113987	3.9534889618781	3.82947790030127	4.44372165035905	4.1112493152331
gene_68	4.40017079574422	4.85899706613995	5.80116580648101	4.99898987194853	4.59705848656915	5.08343238567021	4.17015505816871	5.08113174445787	4.97515957859184	4.87724944311368	3.90864274317911	2.78421270194921	3.1223767836544	4.03301790482908	2.82929271656896	4.04299671799269	3.61240947898306	4.0293050829928	3.83734680794463	3.9659451306202	5.07930516421923	5.55572698453838	5.04269189598697	5.20394491460608	5.23493531161945	5.61244927863925	5.73449932898188	5.21776423503544	4.96613479007131	5.69950815053762	4.94860299275132	4.21436302343064	4.21756468750378	4.26950716675304	4.17532162960668	4.72473242664448	5.09252907884077	5.00524023600271	5.00234046892775	4.62896202602302
gene_69	1.71612093367222	1.76568510903149	1.66476734399833	1.25426293246804	1.67043250994969	1.61988210058611	1.78427115402849	1.52995719532396	1.50316332842004	1.78930932288341	0	0.209366115303675	0.178842443810621	0.119154386869304	0.080456316185744	0.16552367059303	0.100059545428773	0.132772471585524	0.0978320867828307	0.338837882351492	2.37042491095215	2.71508004175233	1.95673544540516	2.0840390791793	1.95163606604257	2.48869949248387	1.50530926646492	1.69892579801701	2.50771447670641	1.80543552082466	0	0.0764516851600434	0.303846898789816	0.273432370281853	0.105158453374489	0.532903674266206	0.379107381348167	0.0721818224252032	0.168460946971032	0.12195342579699
gene_70	1.73661754822804	1.40287118002964	1.64033123507966	2.17710772317855	1.90763300700602	2.18605823977267	1.59927645029463	1.70903445747323	2.25197689767315	1.77270001224042	0.972257916319673	0.162022730005652	0.656200478920398	0.408761502852454	0.808271095936806	1.60163917123412	1.40968249550468	1.05064515885417	1.28795897609724	1.61108358371545	2.46932252350616	2.64730393947221	2.12818730735534	2.84109570130338	2.46214417828317	2.43252783522729	2.45582383494321	3.03934174980964	3.54943402569194	2.85932909257631	1.77972129227484	0.8029812922104	1.20573111806951	1.05069877105061	1.69793966178053	2.31157977823931	2.93414048885969	2.85648616533913	2.13543888084357	2.543122442212
gene_71	2.69017502807855	2.57175013227423	2.25258879832304	2.83187436256217	3.25758267493034	2.97748096236529	2.98486524132087	2.67984756146235	3.01061827186333	2.74001767039067	2.426513888885	1.95342320080079	2.12602502755437	2.60459585138886	1.89548906124442	2.44709642120824	2.2262853241009	2.18465343215319	3.44941006941858	2.57092869612833	4.41988168605585	4.12276277120066	4.06110160797554	2.97969075374307	3.54408441523933	4.14846778271033	4.27805628933863	4.1796342433685	4.19252221043484	3.98430742941972	4.56312696766066	3.74015769599758	4.48497464605621	3.88201879543482	3.28830830871369	4.2478158465257	3.5793035908542	3.6859891118995	4.11173702827307	3.8742518432783
gene_72	3.91682422615028	4.12784841099363	0.356915648055666	3.66483842599407	4.2339298355314	4.33691093720591	3.94615331919526	3.62941801800633	3.52355096940675	3.75989885790748	1.10299712724561	0.994705555153789	1.32760361289004	0.728264896013385	1.76837028030672	3.2478777507623	3.42305693070821	3.03053022663179	2.60541031880711	2.86001206776118	2.96780352983801	3.60197756678088	3.76633751773353	3.88120306313846	3.88904444952799	3.17508356659893	4.16227338021882	4.21166062523928	3.61882366659865	3.7470871074086	2.64427596687641	3.24835698158214	3.23199529499676	3.22565005057542	3.03760855535942	4.45538736901876	3.7483038462889	3.67890514495795	3.96787807788819	3.33279611598508
gene_73	2.51646074294083	2.21869151864481	3.1329399781547	2.60061200799693	3.63199586810937	2.6518925132952	2.90759607878174	2.85656657640658	2.5217762558849	3.09674373184941	4.3394069350955	1.87744248754515	2.09228193119374	2.17690209634635	2.58349165579475	2.68607263430389	3.11912667713086	3.48318941102391	2.53789777472058	2.50712628548017	3.73773432208568	4.96724456751999	4.36966701559811	3.46230060310202	4.3648333009373	5.72586781489328	4.79356315403961	4.54329177127365	3.76179239739423	4.51442787928584	4.26728159107643	4.08622588094915	4.78209120577959	4.45871059178527	3.95073724193533	5.05736719742393	3.95082446487083	4.26762988206824	3.68320648410913	3.65780976037384
gene_74	4.98791270809122	5.03105520746882	4.42062961486801	4.77587465633995	5.36213170465774	5.06040542263931	5.92983599410283	5.50674817892103	5.54094460760555	5.37188197863746	3.28320528045494	3.33111143729851	3.16341671500478	3.39279646053579	3.52087378310355	4.6319758351009	4.66346725356813	4.34045764462848	4.82659281661073	4.67217366157263	5.53568820329392	5.85043878973225	5.49391888382198	4.9055339098289	5.11476849084269	6.29862108698111	5.70742615239336	5.82874556181436	5.61610325184555	5.42301136860016	4.7143117533392	3.86319347209016	4.28456728906411	3.87007359650045	3.86360109833384	5.17380990121105	5.32708656978138	5.26434663857477	5.36028307796911	5.2241776366226
gene_75	2.83483839862363	2.8588651472796	1.85874795300324	3.16457615759392	3.08528464604446	3.24868493653175	3.88886633424856	3.87918896589965	3.5171535837489	2.87254889595072	1.64568014065397	1.91778560605775	0.886244225999268	0.403550232494305	1.23024800003047	1.38697562541215	1.64412671781073	1.76697111338295	1.77656639876635	1.58092207779989	4.14719416741853	3.93427877965782	3.45326363009684	2.91531494669074	3.08045087633561	3.65839248405722	3.10568806591804	2.44755534379207	3.48131165676485	3.11543083359495	3.5849369655889	3.44592880208047	3.9772206401096	3.63066453243991	3.35114419858159	2.79212508725931	2.92896092873578	2.45447029806269	3.25781337229756	2.47430516864227
gene_76	5.00117369364614	6.71960863455362	4.75628772158763	6.02870116238934	7.0512127054927	6.05404232192849	6.12700477256114	6.34208078996379	6.99568395304132	7.00706815735045	6.26798420781702	4.62299124298948	4.29879656674777	6.21740205181153	4.4257713380547	5.78872874886422	5.08007308904496	4.71227390526768	6.84750368333735	7.06838972388464	7.70661957214474	7.63417823659763	6.79863177003322	6.75255456866334	6.7724735875008	7.81093962653042	6.99769217880284	7.12350134315073	7.41042959394362	7.36547498551425	7.9372177258735	6.92737576069671	8.40759505362277	7.14793597032273	7.41731302282136	8.20213123713067	7.27005082522054	7.08380534425893	7.28573212234799	7.49222867006251
gene_77	5.48780387616337	5.41821080658758	5.57969687180825	5.27945683211611	5.66681630946792	5.11790477537165	5.86555551407235	5.41554786310745	5.11546691572802	4.94345044386458	1.98609236900412	2.39120557058923	2.06642176146073	2.88247035341016	2.31528060486835	2.89162902431295	2.5661893042059	2.73234019537928	3.54525460826176	2.67684080186049	5.6247351629202	5.37913274821963	5.67967397505963	4.9668510825025	5.33500775786232	4.80527340194587	4.68831598689045	4.96783239220525	5.30124009629092	4.84020766149894	3.29976615862358	4.35159412774223	4.31510259100641	3.58727550154158	3.8245773758469	3.71179660975776	3.85685908121493	3.35604950250452	3.86778291553797	3.15598489441066
gene_78	3.61221037980148	3.59915207880014	4.90083980917141	3.75909562382536	4.01311048516941	3.55695213022371	3.11548522331845	3.320051978676	2.89865935720474	3.77137707394067	2.80973098657874	1.72437126253421	1.97967751839946	4.91313147029207	2.24008267396751	2.32138887005468	2.43234116418739	2.09668055112434	1.91473945320267	2.22369443772778	5.55816642357366	5.68671360796737	5.32130810277536	5.31429430018772	5.70837367162092	4.74044205911352	5.5969912587195	5.21193777294968	6.03832723211053	5.52909325070818	3.66083478387309	4.18121048636262	4.33091431622376	4.24305778564387	3.83920932432977	3.13292189151324	3.26918395707926	2.89878820074815	3.35635693144368	2.87247500009231
gene_79	6.86194305684682	7.62008748230278	6.78889910966346	7.50728433634372	7.34755371187025	6.9891258597895	6.34249824555628	5.04703558085338	5.85975130490758	6.22234746933557	7.34122899291017	7.18577128051374	8.20642807140342	8.10397158877743	8.2687297526572	5.69767198893482	5.71053264307238	6.05070999753039	5.04267227562092	4.35555339126463	6.91397585389082	8.38512449239249	8.07941378053541	7.71795533210868	7.35588176600324	6.25723759025602	6.31793390799145	6.64997489473619	6.08082935465239	4.22935320033647	8.44339918560804	8.44075524023742	9.34850814253804	8.63324319312425	7.69556173783632	4.51577198479234	5.48389023158915	5.26418719528356	5.60035079661365	5.22143822603327
gene_80	7.12744337005866	7.75848303326963	6.65651244815129	7.07037537308458	7.16782368426773	6.75594981461935	7.03486805634506	6.83603668075258	6.73937534696064	7.53744543606836	6.19355607492023	6.38630607582797	6.80917123904179	7.03980061313762	6.47607066857108	5.07480476861501	4.85123157471903	5.18656308436178	4.22715121455971	4.19182934260415	5.70693383113898	6.23700205196386	7.09311526527557	6.95771915116966	7.33378338157578	5.81918132891442	6.05212140149069	6.29772738145799	6.89268846960193	6.9867523188659	6.0671201980001	7.05104214335099	6.19595570069217	6.83611862658654	6.72687515800718	3.53485630697637	4.63452528296934	4.44725681450622	4.46962487092492	4.0954033348537
gene_81	5.00547397061173	4.90431157624756	4.60447625689946	4.88306276789435	5.37818148196198	4.73664902726066	4.29428401943072	4.07876194272464	4.3306703328059	4.71115379245992	4.71840228532228	5.16510914541466	5.13600248150125	3.75589145979853	5.0889101255137	3.08439926215199	3.31569726348823	3.62995800905509	3.255545205387	3.58335091412076	6.01498855398575	5.78274625754499	6.00439444679943	5.48510331967612	5.4851689794141	4.2347829322738	3.73745997513173	4.71904172109422	5.21454904769122	3.74473408687404	6.13969842475185	6.45859813185766	7.04065807799173	6.34023293493522	5.85651623650134	3.76380242543924	3.92896916452852	3.67656129513157	4.45874893524122	3.84682083148252
gene_82	4.25216899302634	5.63220841300714	5.37364025144519	6.30825068202488	6.3340744202354	6.2883716307162	6.70355002985884	4.20327338607241	5.59941442042752	6.49945657505646	5.38824160870303	7.27844510564689	6.55148904430334	7.42469164370482	7.59384982397254	4.40450482775519	5.04928922047609	5.40941184051111	3.33772352575898	4.31209490968463	5.70046089546031	6.87592741227365	6.58639748074974	6.23502720353621	6.4388692551483	4.87205840633849	5.15848584581594	5.24970475596955	5.15707288140463	4.63962502569414	7.44338443734109	7.15708946553365	5.81011060528383	6.55822401831208	6.47633932791166	5.14861204937911	4.76657646620034	4.89202467714002	4.65391414445748	4.66355688331361
gene_83	5.16557425340199	7.18244888300418	5.7437430177788	6.52768287880325	6.26760508608935	6.65123424737457	7.45968084641037	4.46170666566915	6.84783574540572	6.33747062374403	5.93868452474246	7.06634676839707	7.08629317201097	7.93457750973407	7.71668516062934	4.03138032594918	5.47548279359366	5.86473042419742	3.7407575434196	4.45140955811776	5.5959782973783	5.47843403931914	6.22293383431068	6.6048522919818	6.65681057553905	4.10969944630096	4.9106023388351	6.28397306211159	6.59061620666837	5.02986322321519	6.63926082708482	6.93859397534806	4.87147258153977	6.56190699624596	5.7360044365602	4.6474246779421	4.2010757026623	4.1513664582045	4.33453887898238	4.33693649712868
gene_84	1.99671236597296	2.79820031108394	2.98649275724712	2.77285363017035	2.43635336500629	2.75699011143802	2.38250612467228	1.5404635743081	1.93433394814148	2.14735426277725	2.62624559482611	2.73789694884766	2.49693845961065	2.99691220006269	2.80780469202581	1.39744507885346	1.38938617508777	1.90898809096514	1.06634385741736	1.48781662890949	2.53521926530161	2.80336584986217	3.18620663558619	2.69837425327188	2.17689640094684	2.17885772667266	2.00321677171274	2.10290443677753	1.21147618147556	1.82946436325846	4.35821302758004	2.36386063955533	3.40502661995702	2.43432215248051	3.31695858782837	0.374055609858141	1.41223176673966	0.993257552075513	1.55160012345854	1.40533313226549
gene_85	8.47881513948423	9.17891336545412	10.1140970538263	9.03479128249911	8.73686120585946	8.64221382209408	8.80387562122018	8.57666532965627	8.48342784402719	9.36720076800948	9.45639104129662	9.34271508272585	9.35700860410412	10.05147887425	9.46190990794204	7.96013581617204	7.30164444576472	7.72157001157166	6.99172421729156	7.65158959819327	8.33422160546305	9.74442028040941	9.2237107603033	9.64455789182407	9.63295413581321	8.91431723874881	8.36832071515158	8.15686818827379	8.95933835259589	9.08518769855836	8.20288892498118	8.2289701907637	7.67923128698953	7.97781369434604	9.0157894055519	7.09549564013123	7.60749370254833	7.18886666941958	6.96001391371936	6.93540110802951
gene_86	0.956534821698878	1.13106803135587	2.39132414367442	2.0150624887428	1.53852278538874	0.633036704466878	0.994101862322614	1.61833093894916	0.858188656293273	1.59890757026606	1.61462198683856	1.51888934778066	1.77646935630554	3.71992998409619	1.04620450580569	1.52111068949675	1.54962311177011	1.23726923959575	0.336530675278298	1.07386187938751	2.57546108489206	1.87892167755054	2.12011970651092	2.32748916602219	2.14902312201225	1.26539976281974	1.28238333895273	1.94133041952228	1.58445449174384	0.111971128824333	3.33866798773968	3.68007988455385	4.52645121878542	2.76869416051936	3.01681974283321	1.16975791991247	1.22923553493699	0.620302704530814	1.2521164487658	1.0159887307899
gene_87	0.510958855375144	1.45826492184754	1.83653982399718	1.43238497335489	1.21187751066387	0	0	0.520244705823923	1.13195254469426	0.58055778902509	2.14341375775217	2.83559759226405	2.27570395510084	2.32498804951583	2.46204271792956	0.437145261197435	0.556393886053416	0	0.38570987338163	0.300116427501714	1.33307720471137	2.12361800887028	0.690939527365881	1.56857320272337	1.15887862342925	0.476527211919335	0	1.03055240036933	0.960167030708616	0.560069807182582	2.22838713000734	1.53601444038922	1.23021931814646	2.06662815041359	1.7980241453385	0	0.285846849690541	0.29318370354268	0	0
gene_88	1.87745195612825	1.99148977557523	2.33020217551672	1.93388721131165	2.17696536119834	1.02700716760288	1.3551251867818	1.54717749475128	1.15486610904136	1.64754841089305	5.02550926903588	4.88184812512438	4.67013468990337	3.78929272490197	4.31775762725853	1.16149156296464	1.23217440686638	1.37806446152288	1.01343387537176	1.47358587045834	2.81833183564009	2.45027025915034	2.85214790922387	2.42889745123069	2.23564269743025	1.82068375019075	2.1121482339518	1.41175311305031	1.86589285459556	2.42590248937694	3.81971451949834	2.9073119221742	2.97255588875058	3.2707479280155	4.14316831964611	1.9635036997099	1.3854716979603	1.49983519982173	2.01314906343974	1.53451755396391
gene_89	8.27030658412387	6.04881609574899	8.14892873664064	8.39472080586538	7.85549959433995	6.72539102602154	7.33028577734752	8.27988158087761	7.2546559434498	7.69089406817639	8.91625870008618	9.05240647458663	8.42123029846915	6.51761214934263	8.30326324867627	7.67845576870354	6.13028339216928	5.56080189071317	6.15461872562595	6.90345045636056	8.23044061220414	7.76271871420684	8.52925257102616	7.38289281935949	7.81217906380477	6.60260629888411	6.87926029483842	6.77982360899562	6.96585490926986	8.29035269583431	7.02359491889116	7.01633430814803	6.25054292896864	6.79585452236677	7.82414583913476	5.48958623731845	6.20058411493256	5.99421604031613	5.86555305320978	5.05573326559844
gene_90	6.80792774337608	6.51961506203855	7.19638142300078	6.99130836624781	6.80557179515459	6.7171442608588	6.95424085474684	6.74927484699574	6.88754917858536	6.72422141856531	5.55363975648055	5.81366184237492	5.28440140348704	6.03995894326236	5.55147839253203	5.69806477754439	5.23539987814047	4.87459436048221	5.04347725843138	5.45367667372975	7.08352363072894	7.82549435073914	6.87011258896254	7.00365192784837	6.44642673101031	7.68280851201234	6.35713335542785	7.01136148460031	6.85118013899005	6.66097618424247	6.01197996296059	4.93202867565766	5.59858904972528	5.17561656845796	5.75631252803818	5.33335240522298	5.02295970730136	4.40688333371171	4.7054224467236	4.42422305345497
gene_91	2.90428642278836	4.14528310773136	3.6324058614549	4.63212814525023	3.98919923236266	5.11834467129105	5.88524942599156	2.50164964602978	4.63689138761655	5.34935494448914	4.38643947845759	6.84934209423825	6.22891607362606	8.22588437197849	7.43611029237161	3.29320257071912	4.30082944463374	4.50974466699801	2.97948247325873	4.2851446920859	3.66168166642715	4.48847136533755	3.91307906102344	4.58191286658546	4.91413929704479	2.48304947884183	3.32662127028194	4.30111142522043	3.9310274164334	3.21911210873155	6.56537583659211	6.77256558986999	5.26058297321069	6.22576527415805	5.42817955369935	3.67303789694038	3.49581948742853	3.85186500939643	3.65790767290745	4.34952441388091
gene_92	1.21877069652538	0.938437609069442	2.84432259586024	1.71283747899977	2.35136983116319	1.52775376658119	1.21340425414584	0.873587841971963	0.888736126128965	1.90594423428428	1.19421068469614	1.58034910099895	1.34902447254729	2.23192912631443	0.834397499853307	1.23348856333468	0.138911274975666	0.498185370631312	0.518192061797436	1.11057430438573	3.60706467861488	3.33719106536773	2.55209484630015	1.69205807590442	2.72935579125408	0.825541381075642	1.28694289592487	0.428686332005778	1.89280560956918	0.634005794140585	3.05398522317811	1.42242246957851	2.13741665602291	1.72399625966988	0.908270256982838	1.58588224509456	1.29077764961048	1.47661310102626	1.47378848547757	0.853536674180672
gene_93	7.97867458749188	7.47133549132888	8.05055777549384	8.05284316861749	7.72752558120902	6.59383112098444	7.07910053312372	8.44862519974421	7.55951145609463	7.35136829328703	8.29229805850275	8.7342827364272	8.34808458971083	7.98858426351941	8.14503005663847	7.66612924270813	7.02477921140325	6.06529232868027	6.485456978529	6.70922572206068	8.23773978537331	8.05249106091119	7.87618879781097	7.76281414508191	7.74936231242118	6.89829013555126	7.23089065649267	7.08276735201633	7.26637959119743	7.55258461374439	7.56096336806498	7.73088917217722	7.69938852628643	7.59496721877384	8.11893531134001	6.63581569421244	6.44343690906711	6.20725683742867	6.52115802230334	6.10901636569753
gene_94	4.59872911597338	3.00520295087329	3.86540001063188	2.03650157278199	2.88056194993231	3.55127652408224	2.57255153920385	3.47967296378057	3.4934117648142	3.32015678296729	2.90258027346075	3.04900560200876	4.53940606143951	3.32283583534536	3.81092203971053	3.5700209300737	3.9430380106108	4.32654934644437	4.07141434367458	3.62098700511898	3.97101053509547	3.89085957909197	3.25772343772661	2.73385157999245	4.18901468285452	1.59503505815788	1.43227623963227	1.76545501394979	1.51165034344866	0.591385152081618	3.62804106859348	1.46736541642583	3.56010503844091	2.48853774318034	3.33191846897062	0	1.26556207441155	2.36154216849726	0.891577520215006	2.83020169686197
gene_95	6.07975956070716	5.95647468983975	6.44984351169444	5.88345500426578	6.34754302529674	5.61621102545024	5.51517813490477	5.57546870457594	5.31138464279119	5.12113307159784	6.87839367751696	6.76087390584931	6.64668313044795	7.15704102180221	6.59962911169129	5.0090067494959	5.11516471776404	5.78400814770302	5.04487659293335	5.13522123105355	6.26671577494461	6.70861885165817	6.54606435027074	6.19928968924545	5.92645480009249	5.73767390153457	4.90545305309044	5.47239976889417	5.27462618515877	6.1062791649445	7.79300241167129	7.16914013771114	8.13574454539687	7.39189679646512	7.24906776120802	6.0867111257853	5.83357981157273	5.79184712087862	6.01624098513758	5.7159667048717
gene_96	3.84759034555817	5.51100982980055	4.26735581187854	3.26190395703159	5.44164981653763	4.53458939427224	3.51593497057329	5.33184116294611	3.5104216420214	4.15105796691119	2.933890286954	4.14534583801467	3.88788206366345	4.43757781610808	4.31126544313901	1.27385028040572	0.944153480125905	3.25214051827769	3.38153739008393	3.415755590969	1.85126036417668	3.54976534588901	4.41032370910986	3.01847500287912	2.98929654798148	3.45251010768438	2.95442443115918	2.72562647603913	2.53991263164975	3.97564884892861	3.5483226923524	3.34536495665073	3.47012015746164	3.48952679002969	0.896192118649092	1.60827866534353	0.577510430836673	0.932876027798723	3.77180539136857	4.18049639260749
gene_97	3.85231496075454	3.34981869485451	3.42965170696977	3.15598359258428	4.37271654162078	4.83521399065552	2.63732949108051	2.81584251248714	3.93531416396735	5.41138275624854	3.10290379975664	4.19396858500153	4.29679055062496	3.2696778822319	4.37158252718133	3.03694041588265	3.38752144813939	3.32844671443652	5.23851680332637	5.59723037670705	5.58407353282431	5.25455237204734	5.07131594175522	4.86400891783533	4.74900369239363	3.04513087762004	2.79211783110898	5.00033163171013	3.80351690078715	2.30485888068542	4.93647220711154	4.74904973449822	4.64889755908479	4.34822705386823	3.00973499163295	2.65763931926694	3.02401844646468	2.70172053565564	3.02924490094427	3.35867578733323
gene_98	8.6170257076814	8.75110451502521	8.80546978701716	8.54960197632395	8.31597495927661	7.84144831265027	7.98731167160823	7.80977704318449	7.95842504843988	8.16755097476289	8.48283522768839	8.21836050404057	8.50924017016879	9.00902611966707	8.58424319306134	8.25977043901062	7.96039080867558	7.79059258745819	7.74012416861007	7.62078180014051	8.07821366558153	8.77978318649555	8.38590434816989	8.34253470575147	7.79177724158976	7.48818648495782	7.38503462771064	7.13532824804772	7.35946295672836	7.978049057931	8.55756684547181	7.6899266452237	8.16418697465583	7.66525003713896	8.25485667220711	7.50654034104817	6.78367608642932	6.53970090010774	7.09096668452709	6.89422274700563
gene_99	8.34384714335972	8.38499916160731	7.92442931083978	8.60491726712377	8.49471947535602	8.22039491044929	8.4417173207771	8.68346438017017	8.29244668333045	8.14062177668323	11.2786310177371	11.0113990600895	11.0935815130752	11.2824618962378	11.3556652840196	8.8671033259451	8.11779753825399	7.73921139550053	8.00993858662686	8.3650801086415	9.00426084086502	9.07725287871054	9.06252099900267	8.98776240529004	9.02407053065601	9.28391830090384	8.85187322567937	8.69161324138564	8.4898300956869	8.05103830637415	11.1279059765137	11.0476725691194	11.4186307034292	10.913158201925	10.5538552992081	9.24195969361763	8.89645247641032	8.81890376597554	8.91089461189818	8.72417208780063
gene_100	2.52636654087006	2.57846584000652	2.67538674787607	2.85822601806544	3.27267068803832	3.11613970432061	3.34058427731994	3.6360812811001	3.84545901865216	2.88243909343186	3.70954241169785	3.94377260879509	3.46232936994077	3.5931055246146	3.54012076187548	4.61301575344693	4.4517027027731	4.17628980440737	4.69978696064533	4.65124596458874	3.54650159502963	2.35052802980997	2.98779270528776	2.61929626690972	2.1681557958181	3.3438922387899	3.61582831100973	3.25834629431251	2.94504204028688	3.60536214169685	3.55913989521734	2.76273551825807	2.61486057615817	3.18915762603278	3.47269614273704	4.77231555091108	4.58540280477456	4.85105825981412	4.41930054556864	4.62314599305979
gene_101	5.59790946574948	5.90181664900433	7.38646197118186	6.73828807950792	6.71448252047175	6.95376961655557	6.52114244601961	6.67563009296731	6.36499458252103	6.23210724345767	7.04313438668344	5.99409559540825	6.45471869555634	7.54285207797886	6.58685546820045	6.93514846573244	8.16624525713379	7.54762038207626	9.01927478846754	8.52049832195888	5.58725926189246	5.8359769198008	5.98484060409817	6.59879314255738	6.62561480951643	5.59131583463567	6.85337164147487	8.53677679161202	6.83815171558965	5.97552837608514	6.99033941777985	7.36588336859512	7.38553872856745	7.89393233256369	6.71580225413681	7.67863946124735	8.1819997538687	8.64107279160899	8.5933990031607	8.26095519940939
gene_102	4.35185142609165	4.20728551124793	4.19632981305127	4.03818647230656	4.23380468481287	4.32923899229521	4.56481977158931	4.83609682099405	4.55328514296806	4.50842698376277	4.29209598083556	4.24942999762317	3.97385208403648	4.00418897398014	4.21408862555945	5.12825894507201	5.52552184315404	5.47516194398787	5.59584306798381	5.51695172445968	4.24185563210947	3.33733370897834	4.58483795433461	4.02185464246679	4.78278414353881	4.30279087601448	5.25353038917139	5.11622529855486	4.96506645521812	5.02028265436989	4.97967732970253	5.34296827176071	4.10615993937682	5.2114416665613	4.52325665170791	5.40367863743689	6.13824087557095	6.31772771586856	6.27151055767513	5.85253168234381
gene_103	2.8850858188295	2.8886554842267	2.97587510618	2.52053707582521	3.38974091351638	3.41637996874586	4.53354871218107	3.79069109922789	3.55395805786931	3.17657828336373	2.89273405355409	2.94434305103722	2.62056161649251	2.43488889211315	2.34459211631646	3.28061696188097	4.17952354061407	4.36315635843117	4.12358565062081	3.43679853750901	2.88822135556012	2.79314117009148	2.81327153837643	2.62594403794568	3.06721494003626	3.84136594895869	4.08653518409865	3.96287004756849	3.84262286317452	3.58144432949276	2.58255197049174	3.61375862958007	3.62987765584533	3.65155508489927	3.10863174553804	4.37754894564369	4.42823193433317	4.98502497319109	4.86456331788259	4.87830088948173
gene_104	1.18993249958657	1.8195418567541	1.46103889903241	1.24502812888778	1.31134806196659	1.50117816630816	1.36904493902084	1.57997450741332	1.50313598257141	1.78824902425409	2.1915323578182	1.65580973278801	1.88321432138573	1.96369746217702	1.92676022847429	2.24065205154735	2.02092459023102	2.81705310404761	3.14152360821592	3.01341381782885	1.03289413119879	0.782821139445388	0.736112465543682	1.19890793516279	1.61447422578028	1.07890617116483	2.01205642888109	1.30058683580778	1.32359016777711	1.31598686460859	0.977331522414396	2.17852769002965	1.76707811850695	2.51438675134508	2.00657624959373	1.8868949493709	3.30963201323446	3.67932059184466	3.50466344178975	3.59283545644328
gene_105	1.45874182697069	1.37623587431877	1.66549262049914	1.75970100483385	0.685417043787908	2.97052812500491	2.74773660726961	3.0503692946894	3.098509420412	2.06038091996322	1.88814368493356	1.80889165166477	1.99686322610262	2.48217197156805	1.16182036357915	2.58513962098144	2.30340122459971	3.2717274757887	3.34454137008295	3.71988762493323	1.21647221789023	0.831161612040071	0.625051591066776	0.796080918569363	0.868527709402408	1.8901463510073	3.14218984944824	2.73263171583702	2.65224081494874	2.99271416615021	2.88000301080939	2.067645909848	1.23045390332989	1.81556639720556	1.60759607009919	1.72048727272816	3.58854901032623	4.07105579387413	2.07473938516066	3.15044895260434
gene_106	5.50659723280573	5.33429343612148	5.14990012339383	5.24720537835446	5.84247933532884	5.56634562945744	5.687968332488	5.6878911225711	5.6503101756979	5.83240263158416	6.53247738156658	6.65700314048373	6.14459662323835	6.13811025514598	6.20747866348202	6.90288301331172	7.10143097740649	7.42012522384365	7.59319340636979	7.3412541994356	5.15697188730837	5.23233576529139	5.53386124843324	5.94742483968596	5.79277676825371	6.05845318169766	6.0763678488498	5.87275593353839	6.28127833751706	6.09372684831208	6.06228561306225	6.77114418513579	6.76454295806889	6.75174904787832	6.43463751707026	6.95930350318437	7.62842700854931	7.75231486108226	7.71124756346614	7.81610740543193
gene_107	5.24329529115613	5.84562378362433	6.18087432806331	5.60445723849859	6.87640086107088	5.81242089864129	5.8107548658421	5.59430064840166	5.67156714098191	5.34122980921865	6.39319684322574	5.77148704177216	5.92017326468765	7.05219790941231	6.08539017779282	6.78070675334912	7.48942115780146	7.56743378871155	7.61990510830109	6.97438621872714	4.94688780717812	5.6618194328003	6.00431226423592	6.03069269144768	5.84624415755416	5.88094088934339	6.38851538871793	6.62830292806804	5.73344368414145	5.47863049659916	6.21915848676759	6.57748013353916	6.33916224492753	6.65241721603194	6.20389424939707	7.33334659388485	8.08393592260949	8.35325121929138	8.16589169243799	8.31392878072455
gene_108	5.66516050356748	5.6896449541238	4.98816443649798	5.25809110284578	4.74413907322928	5.74307506714277	5.61337582635114	6.15298792370967	5.51854489715949	5.54619484963235	5.12445328267151	5.27960561387133	4.97976582757724	4.08763220306638	4.96737911122667	5.88999576633038	6.0325537776774	6.55087259302021	6.38738808818675	6.2132381846875	3.39333203884723	4.13498613685515	5.1872531554391	5.06179477377993	5.85497856666315	5.05992908552086	5.83300299500541	5.35076804545732	5.47323026306099	5.4966210013615	3.01051020314444	5.37756237982013	3.80323933001963	4.73479183385342	3.84814102324476	4.83302985555041	6.01091918445965	6.6681866031922	5.83026048533348	5.78526526457972
gene_109	3.205901396056	2.46960338872002	3.66063596341609	3.68507061528987	3.34290962553896	4.24062014663365	4.6324333533418	4.55644736079162	4.93601861285748	4.16893366820972	2.27203197841699	2.56018968484687	2.80087245745121	2.74835886622289	2.64618128287345	4.76852148901792	4.51210236070273	5.20976045173786	4.48661513141424	4.77739516357872	3.22945229673961	3.54420113847893	2.50605440741192	3.20456978149771	2.20312424059131	5.40057905710724	5.1781863740253	4.71600002563481	3.88907866453345	4.22216883872814	3.37836508557588	2.59904233953947	3.41157146805516	2.77570902998552	2.78328435555842	5.43556720794116	4.3658361054507	4.44597001727486	4.9999949965925	5.20265394503781
gene_110	4.91773448832286	4.8668104721929	6.35492085711018	4.78468135315595	5.63909715990945	5.7740397570023	5.3371666763459	4.71110880153893	6.0490416012176	4.8320305931471	5.60404935686067	5.83499699906691	5.25519727868208	6.4243216640872	5.61171371803568	6.12093487311723	6.64918458668629	7.66847368832101	7.60652216991015	6.82585114686787	4.3411080243749	4.89490145176139	4.64574714571064	6.3478701900533	5.88858053985436	4.81836192038445	5.8376996365752	7.24962285456759	5.23885942454888	5.09778735859848	6.60525022597196	6.92814766608836	6.90032351085592	7.05951792450316	6.25463918262276	7.00316312920438	7.56290220083265	8.51947261313427	7.87215131700831	8.20010034619143
gene_111	6.88513484063235	6.78829893209766	7.2334449258991	6.62528137548714	6.65275276944281	7.19906420883663	6.96464719407898	7.07439669987275	7.2420057425767	6.9824626004826	7.54373963417189	7.86229991056094	7.438801124964	7.76413320979248	7.54692701600725	8.08581415285775	8.68417294960891	9.36101929254748	9.84000730993864	8.92794401637409	5.97356437568957	5.61471434371411	6.60855221942822	7.51450854854572	7.80681851240131	6.24450121023246	7.35549960687782	7.82461836734381	7.16416981545042	7.02110263589883	7.42773765270296	8.19087456323908	7.81500109544868	8.01914143972308	7.32299970064197	7.63192469639365	8.67236253187646	9.36684362331268	9.00329886859324	9.05677091994522
gene_112	3.45985646659522	3.20098757111446	3.65795066479111	3.45099377034439	3.29227328186113	3.57215398853536	3.59770880585615	3.82273131775065	3.75290883564207	3.57600154967107	3.5002092328118	3.7160278393888	3.46671301145545	3.61337719659829	3.49645818273533	4.66251926051054	5.02737248875403	5.10650735546371	5.53918587333757	5.0826685420231	3.05454147341521	2.88658080341457	3.4974733473654	3.37223558045291	3.86373605164946	3.2685536703971	4.00819223777198	3.84103953950778	3.7651970232216	3.60121448591917	2.83150369934309	3.70773514678928	3.14779447744578	3.50692331599906	3.56023101515476	4.55875018634998	5.25613915958488	5.6223035329856	5.11363929954659	5.17504732336638
gene_113	7.68091566928034	7.68917152797668	7.78522227473386	7.48128823407065	6.97665352865122	7.70993346020211	7.93808503622712	8.10537057240793	7.94329573342429	8.14653559629267	7.57479677700749	7.59874426946789	7.27778635608068	7.31153460800483	7.00331526315464	8.29175701487632	8.22349830235914	8.20022841639936	8.92556976917706	8.59774111629116	4.80389322138446	5.25587354507981	6.62713323583154	6.85164520983724	8.21555505069529	6.84151230649824	7.79753395560702	7.31849951403875	7.73508219018804	7.5058515945002	5.24782266976118	7.11861899579717	4.85337045079177	6.49510848011433	5.83970279298315	6.94669140990477	7.93940168952913	8.55599393616452	7.77621153928437	7.61424697215349
gene_114	2.95126767415486	2.20535732838614	3.56686574878072	2.72953029935225	3.23079289930799	2.56137972672971	3.14720115261468	2.53258894328364	3.57229432476592	2.94720154727339	1.06123127485206	1.3596328274759	0.612990036278013	0.602189132169361	1.30282553311736	2.92284132304485	3.81519297673305	3.76764096090157	4.52108934779531	3.74698512417514	3.1578366393165	3.14808604838566	3.0347379604166	2.82680996054429	2.53916427966128	3.60764429814895	2.98543142578046	3.34464709033975	2.86730371383723	3.22235272134475	0.180988359632639	1.64473977622677	1.86762966121792	1.67664921414028	1.76101799670194	4.31309241598654	3.96748010407092	3.56889931864031	4.25388127833492	4.76830153584869
gene_115	3.33999976276158	3.47667807553363	4.12036275385807	3.72221821210675	3.39767230924509	4.19886604224951	5.23821058078836	4.856533185426	5.42959850655823	4.9525625875222	3.6195246731021	3.17866995939492	3.14365724643048	3.91918297479575	3.41733592271571	5.04086587497532	5.36638644234245	5.77021228244985	5.46838834221195	5.49009350632571	3.66122749491142	4.0961101135379	2.98654519553076	3.7499592087735	3.19564418261536	5.87209729459036	5.83480838744132	5.16927787435007	4.21696087042078	5.03694767631371	4.0183530108571	3.75419296326501	4.78819946733912	4.19875051570298	3.83782139435891	5.81826719827692	5.57948527659551	5.29375834042645	5.9060011467146	6.10206074146949
gene_116	5.00008117508565	5.17504041550816	5.80430364287173	5.30153992058289	5.55614617049783	5.43037008481376	6.01950956472805	4.46697100388203	5.46578020277295	5.49159225912814	5.4421400529203	5.42249656685859	5.43798094840643	6.99584340110174	5.85779968386278	6.98245053113032	7.50277374868301	8.01125926148394	8.27244455762705	7.95870472542115	5.31535826024059	5.85416810567541	5.57908698790953	5.78324295242321	5.81185452129725	6.25338771599462	5.58404625514624	6.31968980976665	6.21062456673879	5.83295721588534	6.38905532500046	6.53921557417285	7.2125892203647	6.92324072528706	6.34226445175128	8.2302395517052	8.32927321502319	8.44352434014672	8.09218456223697	8.82806635875018
gene_117	0.774542270371335	0.363548107154036	0.617398741130742	0.300382093760785	1.1560160179329	2.06918341993628	1.15438500893051	0.439375178357637	0.42332961254323	0.183209502096174	0.147762011419495	0.258608838315595	0.315690123329961	0.448999392721749	0.405425242992851	2.30469696586032	3.5660567608644	4.24466612190191	2.75353028637329	2.23315822356059	0.352036720820916	0.36179220611374	0.46243397994258	0.794053835131678	1.02692412366674	2.12198682420272	1.99831869048063	0.900189786366234	0.347308815219061	0.648803664343902	0.121615054809698	0.592122368532761	1.81173812779291	0.742862546233637	0.657675443969043	2.67042919938519	3.17542727627953	3.53928656183549	2.1442245718949	3.92743415083959
